Year,Value
2019,1.745895274
2020,1.702837187
2021,2.083464706
2022,2.030941276
