Year,Value
2020,68.25431935
2021,66.14441886
