Year,Attribute,Value
2020-2021,Very unsafe,50.80394922
2020-2021,Bit unsafe,24.37235543
2020-2021,,75.17630465
