Year,Value
2016,75.86233432
2017,74.43886184
2018,71.26340853
2019,70.82870007
2020,77.94865326
2021,77.60518939
