Year,Value
2017,39.40520446
2018,39.62962963
2019,39.47368421
2020,41.19850187
2021,41.79104478
2022,35.68773234
