Year,Value
2019,55.98902869
2020,55.16098078
2021,68.53204144
2022,70.80901351
