Year,Value
2021,23.69297178
2022,-14.71747121
