Year,Value
2014,0.032022886
2016,0.03415487
