Year,Value
2014,3.749797308
2015,2.718330727
2016,3.140303148
2017,3.147746847
2018,3.165993879
2019,3.19939712
2020,4.129267357
2021,4.058316664
