Year,Value
2019,0.097295982
2020,0.102064249
2021,0.109949179
2022,0.129715146
