Year,Value
2016,93.78166692
2017,93.58485775
2018,94.20692041
2019,91.90568763
2020,92.34524059
2021,92.34508858
