Year,Value
2016,94.38680359
2017,93.79770714
2018,91.93344991
2019,85.21275441
2020,85.66185372
2021,87.57680536
