Year,Attribute,Value
2020-2021,Very dissatisfied,16.98166432
2020-2021,Dissatisfied,32.86318759
2020-2021,,49.8448519
