Year,Attribute,Value
2020-2021,Owned,60.87447109
2020-2021,Renting,28.09590973
2020-2021,,88.97038082
