Year,Attribute,Value
2020-2021,0-10 minutes,78.50493653
2020-2021,11-20 minutes,15.06346968
2020-2021,,93.56840621
