Year,Value
2016,88.01026828
2017,87.27380891
2018,85.80125962
2019,82.64904737
2020,87.23893689
2021,85.84236111
