Year,Value
2019,1.349289993
2020,1.311591634
2021,1.724029209
2022,1.596795656
