Year,Attribute,Value
2020-2021,Very dissatisfied,8.519040903
2020-2021,Dissatisfied,14.52750353
2020-2021,,23.04654443
