Year,Value
2009,0.808193
2010,4.583006
2011,2.663646
2012,2.460324
2013,1.343188
